scale_hhid,scale_pid,hhid,date,cluster,age,sex,room,sroom,gas,electric,firewood,charcoal,kerosene,diesel,indoor,vent,settle,nlive,nleft,ndied,smoke
H0100130,P0100111,S00466,24-Apr-21,1,37,Female,3,2,No,No,No,Yes,No,No,No,NA,9,5,0,0,No
H0100077,P0100105,S00177,24-Apr-21,1,22,Female,2,1,No,No,No,Yes,No,No,Yes,Yes,9,4,0,0,No
H0100070,P0100095,S00169,24-Apr-21,1,21,Female,3,2,No,No,Yes,Yes,No,No,No,NA,9,5,0,0,No
H0100043,P0100081,S00615,24-Apr-21,1,68,Male,4,2,No,No,No,Yes,No,No,Yes,Yes,9,4,1,0,No
H0100052,P0100080,S00763,24-Apr-21,1,33,Female,2,1,No,No,No,Yes,No,No,Yes,Yes,1,5,0,0,No
H0100047,P0100064,S00623,24-Apr-21,1,37,Female,4,2,No,No,No,Yes,No,No,Yes,Yes,9,7,0,0,No
H0100065,P0100087,S00771,24-Apr-21,1,76,Male,3,1,No,No,No,Yes,No,No,Yes,No,9,2,0,0,No
H0100087,P0100203,S00318,24-Apr-21,1,60,Female,3,3,No,No,No,Yes,No,No,Yes,Yes,9,7,0,0,No
H0100006,P0100033,S00110,26-Apr-21,1,67,Male,3,2,No,Yes,No,Yes,No,No,Yes,Yes,9,7,0,0,No
H0100027,P0100010,S00474,26-Apr-21,1,33,Female,5,3,No,Yes,No,Yes,No,No,No,NA,9,6,0,0,No
H0100036,P0100054,S00631,26-Apr-21,1,56,Female,3,2,No,No,Yes,No,No,No,No,NA,9,6,0,0,Yes
H0100022,P0100023,S00185,27-Apr-21,1,65,Male,4,3,No,No,No,Yes,No,No,No,NA,4,4,0,0,No
H0100004,P0100006,S00193,27-Apr-21,1,39,Female,1,1,No,No,Yes,Yes,No,No,Yes,Yes,9,10,0,0,No
H0100075,P0100101,S00201,27-Apr-21,1,63,Female,3,2,No,No,No,Yes,No,No,No,NA,4,4,0,0,No
H0100093,P0100205,S01449,27-Apr-21,1,54,Female,5,3,No,No,No,Yes,No,No,No,NA,9,4,0,0,No
H0100109,P0100131,S00482,27-Apr-21,1,26,Female,3,2,No,No,No,Yes,No,No,Yes,Yes,3,4,0,0,No
H0100023,P0100026,S00789,27-Apr-21,1,72,Male,6,3,No,No,No,Yes,No,No,Yes,Yes,9,7,0,0,No
H0100094,P0100209,S00649,27-Apr-21,1,53,Male,4,2,No,No,Yes,Yes,No,No,No,NA,9,6,0,0,No
H0100113,P0100138,S00797,27-Apr-21,1,28,Female,6,3,No,No,No,Yes,No,No,Yes,Yes,9,3,0,0,No
H0100015,P0100278,S00805,27-Apr-21,1,37,Female,4,2,No,No,No,Yes,No,No,Yes,No,7,6,0,0,No
H0100009,P0100015,S00656,28-Apr-21,1,43,Female,4,3,No,No,Yes,Yes,No,No,No,NA,9,6,0,0,Yes
H0100024,P0100029,S00334,28-Apr-21,1,37,Female,4,3,No,No,Yes,No,No,No,Yes,Yes,8,6,0,0,Yes
H0200050,P0200189,S00490,30-Apr-21,2,55,Female,6,2,No,No,No,Yes,No,No,No,NA,9,4,0,0,No
H0200127,P0200106,S00813,30-Apr-21,2,73,Female,2,1,No,No,Yes,Yes,No,No,No,NA,6,2,0,0,No
H0200048,P0200041,S00680,30-Apr-21,2,33,Female,5,3,No,No,No,Yes,No,No,Yes,Yes,9,5,0,0,No
H0200017,P0200243,S00383,30-Apr-21,2,29,Female,3,2,No,No,No,Yes,No,No,No,NA,1,5,0,0,No
H0200025,P0200173,S00391,30-Apr-21,2,40,Female,3,2,No,No,No,Yes,No,No,No,NA,99,7,0,0,No
H0200095,P0200292,S00375,30-Apr-21,2,60,Female,4,2,No,No,No,Yes,No,No,No,NA,9,6,0,0,No
H0200019,P0200063,S00219,30-Apr-21,2,26,Female,3,2,No,No,No,Yes,No,No,Yes,No,8,5,0,0,No
H0200096,P0200220,S00227,30-Apr-21,2,82,Male,4,2,No,No,No,Yes,No,No,No,NA,9,6,0,0,No
H0200100,P0200131,S00235,30-Apr-21,2,59,Female,3,1,No,No,No,Yes,No,No,No,NA,9,10,0,0,No
H0200143,P0200193,S00664,30-Apr-21,2,54,Male,4,2,No,No,No,Yes,No,No,No,NA,9,9,0,0,Yes
H0200135,P0200117,S00821,30-Apr-21,2,52,Female,2,1,No,No,No,Yes,No,No,No,NA,9,4,0,0,No
H0200052,P0200036,S00508,30-Apr-21,2,33,Female,4,2,No,No,Yes,Yes,No,No,No,NA,5,7,0,0,No
H0200075,P0200273,S00672,30-Apr-21,2,45,Female,3,2,No,No,No,Yes,No,No,No,NA,9,6,0,0,No
H0200138,P0200123,S00839,30-Apr-21,2,51,Female,4,2,No,No,No,Yes,No,No,Yes,Yes,9,4,0,0,No
H0200137,P0200121,S00698,02-May-21,2,62,Male,3,2,No,No,Yes,Yes,No,No,Yes,Yes,9,8,2,0,No
H0200026,P0200174,S00706,02-May-21,2,50,Female,4,2,No,No,Yes,No,Yes,No,No,NA,9,7,0,0,No
H0200089,P0200153,S00060,03-May-21,2,57,Female,6,3,No,Yes,Yes,No,No,No,Yes,Yes,4,6,0,0,No
H0200118,P0200217,S00243,03-May-21,2,68,Female,2,1,No,No,No,Yes,No,No,No,NA,9,3,0,0,No
H0200113,P0200287,S00250,03-May-21,2,45,Female,4,3,No,No,No,Yes,No,No,No,NA,4,5,0,0,No
H0200128,P0200108,S00847,02-May-21,2,32,Female,4,2,No,No,No,Yes,No,No,No,NA,3,4,0,0,No
H0200117,P0200212,S00854,03-May-21,2,57,Male,3,2,No,No,No,Yes,No,No,Yes,Yes,9,4,0,0,No
H0200025,P0200173,S00714,03-May-21,2,40,Female,5,2,No,No,No,Yes,No,No,Yes,Yes,9,6,2,0,No
H0200029,P0200091,S00862,03-May-21,2,25,Female,5,2,No,No,No,Yes,No,No,No,NA,9,4,0,0,No
H0200111,P0200285,S00409,03-May-21,2,30,Female,4,2,No,No,No,Yes,No,No,No,NA,5,7,0,0,No
H0200108,P0200155,S00458,03-May-21,2,52,Male,2,1,No,No,No,Yes,No,No,Yes,Yes,9,2,0,0,No
H0300017,P0300237,S00128,04-May-21,3,19,Male,5,3,No,Yes,No,Yes,No,No,No,NA,9,8,0,0,No
H0300040,P0300079,S00136,04-May-21,3,70,Male,5,3,No,Yes,No,Yes,No,No,No,NA,9,9,0,0,No
H0200092,P0200284,S00144,04-May-21,2,56,Female,7,3,No,Yes,No,Yes,No,No,Yes,Yes,9,6,0,0,Yes
H0300136,P0300248,S00722,04-May-21,3,36,Female,4,3,No,No,No,Yes,No,No,No,NA,6,6,0,0,No
H0300086,P0300136,S00268,04-May-21,3,30,Female,6,4,No,No,No,Yes,No,No,Yes,Yes,9,14,0,0,No
H0300089,P0300109,S00276,04-May-21,3,54,Female,5,3,No,No,No,Yes,No,No,Yes,Yes,9,6,0,0,No
H0300045,P0300269,S00417,04-May-21,3,25,Female,3,1,No,No,No,Yes,No,No,Yes,Yes,3,3,0,0,No
H0300085,P0300127,S00425,04-May-21,3,65,Female,3,2,No,No,Yes,Yes,No,No,No,NA,9,7,0,0,Yes
H0300074,P0300120,S00433,04-May-21,3,72,Female,4,2,No,No,Yes,Yes,No,No,No,NA,9,2,0,0,No
H0400022,P0400023,S00078,06-May-21,4,64,Female,2,2,No,No,Yes,Yes,No,No,No,NA,9,6,0,0,No
H0400069,P0400196,S00284,06-May-21,4,25,Female,2,1,No,No,No,Yes,No,No,No,NA,8,4,0,0,No
H0400065,P0400086,S00292,06-May-21,4,39,Female,5,3,No,No,No,Yes,No,No,No,NA,3,5,0,0,No
H0400073,P0400199,S00300,06-May-21,4,39,Female,4,3,No,No,No,Yes,No,No,No,NA,9,8,0,0,No
H0400098,P0400274,S00441,06-May-21,4,77,Female,3,2,No,No,No,Yes,No,No,Yes,Yes,9,7,0,0,No
H0300113,P0300147,S00730,06-May-21,3,51,Female,8,4,No,No,No,Yes,No,No,Yes,Yes,8,7,1,0,No
H0300111,P0300143,S00870,06-May-21,3,61,Male,5,3,No,No,No,Yes,No,No,No,NA,9,3,1,0,No
H0400105,P0400276,S00748,06-May-21,4,52,Female,4,2,No,No,No,Yes,No,No,No,NA,9,4,0,0,No
H0400131,P0400153,S00888,06-May-21,4,36,Female,2,1,No,No,Yes,Yes,No,No,No,NA,9,3,0,0,No
H0400023,P0400005,S00565,06-May-21,4,30,Female,4,3,No,No,No,Yes,No,No,Yes,Yes,3,4,1,0,No
H0400003,P0400007,S00573,06-May-21,4,44,Male,4,3,No,Yes,Yes,Yes,No,No,No,NA,4,5,0,0,No
H0400012,P0400060,S00151,07-May-21,4,33,Male,5,3,No,No,No,Yes,No,No,Yes,Yes,4,6,0,0,Dont know
H0400008,P0400015,S00516,07-May-21,4,51,Female,7,3,No,No,No,Yes,No,No,No,NA,3,3,0,0,No
H0400097,P0400121,S00912,07-May-21,4,66,Female,3,2,No,No,No,Yes,No,No,Yes,Yes,4,8,0,0,No
H0400149,P0400115,S00755,07-May-21,4,59,Female,4,3,No,No,No,Yes,No,No,No,NA,9,3,1,0,Yes
H0400116,P0400097,S00896,07-May-21,4,51,Female,4,3,No,No,No,Yes,No,No,No,NA,9,6,0,0,No
H0400051,P0400247,S00581,07-May-21,4,29,Female,4,2,No,No,No,Yes,No,No,No,NA,5,4,0,0,No
H0400035,P0400048,S00599,07-May-21,4,50,Female,4,2,No,No,No,Yes,No,No,No,NA,9,4,0,0,No
H0500120,P0500207,S01167,10-May-21,5,34,Female,2,1,No,No,No,Yes,No,No,Yes,Yes,9,1,0,0,Yes
H0500098,P0500282,S00904,10-May-21,5,25,Female,6,2,No,Yes,No,Yes,No,No,Yes,Yes,9,2,0,0,No
H0400148,P0400120,S01175,10-May-21,4,46,Female,5,3,No,No,No,Yes,No,No,Yes,Yes,9,4,1,0,No
H0500043,P0500170,S01365,10-May-21,5,58,Female,4,1,No,No,Yes,No,No,No,No,NA,99,6,0,0,No
H0600037,P0600094,S01373,10-May-21,6,37,Female,3,2,No,No,No,Yes,No,No,Yes,Yes,4,6,0,0,No
H0600066,P0600025,S01381,10-May-21,6,65,Female,4,2,No,No,No,Yes,No,No,No,NA,8,3,0,0,No
H0600106,P0600242,S01399,10-May-21,6,28,Female,3,1,No,No,No,Yes,No,No,Yes,Yes,9,7,0,0,No
H0400044,P0400070,S00607,10-May-21,4,54,Female,4,2,No,No,No,Yes,No,No,Yes,Yes,9,6,0,0,No
H0500079,P0500230,S00920,10-May-21,5,59,Female,6,3,No,No,No,Yes,No,No,No,NA,4,15,0,0,No
H0500068,P0500127,S00938,10-May-21,5,36,Female,4,3,No,No,No,Yes,No,No,No,NA,4,5,0,0,Yes
H0600036,P0600098,S00946,10-May-21,6,79,Male,3,3,No,No,No,Yes,No,No,Yes,No,2,5,0,0,No
H0600047,P0600121,S00953,10-May-21,6,29,Female,7,3,No,Yes,No,Yes,No,No,Yes,Yes,8,3,0,0,No
H0600107,P0600243,S00961,10-May-21,6,26,Female,4,3,No,No,No,Yes,No,No,Yes,Yes,4,5,0,0,No
H0600003,P0600007,S00524,11-May-21,6,36,Female,6,3,No,Yes,No,Yes,No,No,Yes,Yes,4,5,0,0,Yes
H0600010,P0600144,S00532,11-May-21,6,47,Female,5,3,No,Yes,No,Yes,No,No,Yes,Yes,9,5,0,0,No
H0600007,P0600016,S00011,11-May-21,6,85,Female,6,3,No,Yes,No,Yes,No,No,Yes,Yes,9,11,0,0,Yes
H0600035,P0600102,S00029,11-May-21,6,80,Female,4,3,No,No,No,Yes,No,No,No,NA,9,6,0,0,No
H0700070,P0700096,S01407,11-May-21,7,28,Male,4,2,No,No,No,Yes,No,No,Yes,Yes,9,4,0,0,No
H0700052,P0700157,S01415,11-May-21,7,27,Female,4,3,No,No,No,Yes,No,No,No,NA,7,6,0,0,No
H0700069,P0700091,S01423,11-May-21,7,20,Male,5,3,No,No,No,Yes,No,No,Yes,Yes,6,6,0,0,No
H0600115,P0600151,S01217,11-May-21,6,19,Female,3,2,No,No,No,Yes,No,No,No,NA,3,7,0,0,No
H0600139,P0600189,S01225,11-May-21,6,24,Female,3,1,No,No,No,Yes,No,No,No,NA,4,3,0,0,No
H0700079,P0700173,S01233,11-May-21,7,59,Female,6,3,No,Yes,No,Yes,No,No,Yes,Yes,9,3,2,0,No
H0600113,P0600148,S01183,11-May-21,6,70,Male,5,3,No,No,No,Yes,No,No,Yes,Yes,9,5,0,0,No
H0700065,P0700087,S00979,11-May-21,7,52,Female,5,3,No,No,No,Yes,No,No,Yes,Yes,9,4,0,0,No
H0700051,P0700156,S00987,11-May-21,7,32,Female,3,2,No,No,No,Yes,No,No,Yes,Yes,5,6,0,0,No
H0700055,P0700162,S00995,11-May-21,7,65,Female,4,3,No,No,No,Yes,No,No,Yes,Yes,9,4,0,0,No
H0700057,P0700165,S01001,11-May-21,7,46,Male,3,2,No,No,No,Yes,No,No,No,NA,9,3,0,0,No
H0700061,P0700127,S01019,11-May-21,7,22,Female,2,2,No,No,No,Yes,No,No,No,NA,4,4,0,0,No
H0700077,P0700169,S01027,11-May-21,7,23,Female,5,3,No,No,No,Yes,No,No,Yes,Yes,9,8,0,0,No
H0500109,P0500070,S01191,12-May-21,5,34,Female,1,1,No,No,No,Yes,No,No,Yes,Yes,9,3,0,0,No
H0500027,P0500034,S00540,12-May-21,5,74,Female,6,3,No,No,No,Yes,No,No,Yes,Yes,9,6,0,0,Yes
H0700003,P0700026,S00557,12-May-21,7,25,Female,2,1,No,No,No,Yes,No,No,Yes,Yes,3,9,0,0,No
H0500028,P0500037,S01514,12-May-21,5,38,Female,5,3,No,No,Yes,Yes,No,No,Yes,Yes,3,8,0,0,No
H0500148,P0500190,S01241,12-May-21,5,54,Female,7,3,No,Yes,No,Yes,No,No,Yes,Yes,5,3,2,0,No
H0700146,P0700262,S01258,12-May-21,7,70,Female,3,2,No,No,Yes,Yes,No,No,No,NA,9,20,0,1,No
H0500034,P0500106,S00037,12-May-21,5,51,Female,6,3,No,No,Yes,Yes,No,No,No,NA,9,9,0,0,No
H0500030,P0500041,S00045,12-May-21,5,35,Male,4,2,No,No,Yes,Yes,No,No,No,NA,3,4,0,0,No
H0700118,P0700218,S01209,12-May-21,7,26,Male,3,2,No,No,No,Yes,No,No,Yes,No,9,7,0,1,No
H0700120,P0700226,S01068,12-May-21,7,55,Female,5,3,No,Yes,No,Yes,No,No,Yes,Yes,9,3,1,0,No
H0700002,P0700006,S01522,13-May-21,7,41,Female,4,2,No,No,No,Yes,No,No,No,NA,9,9,0,0,Yes
H0700006,P0700017,S01530,13-May-21,7,57,Female,5,2,No,No,Yes,Yes,No,No,Yes,Yes,6,7,0,0,No
H0700033,P0700056,S00086,13-May-21,7,18,Male,5,3,No,No,No,Yes,No,No,Yes,Yes,9,7,0,0,Yes
H0700004,P0700012,S01621,13-May-21,7,75,Male,5,3,No,No,No,Yes,No,No,No,NA,9,6,0,0,No
H0200108,P0200155,S01456,13-May-21,2,52,Male,2,1,No,No,No,Yes,No,No,Yes,No,9,2,0,0,No
H0700045,P0700046,S00052,13-May-21,7,57,Female,3,2,No,No,No,Yes,No,No,No,NA,9,3,1,0,No
H0600031,P0600057,S01613,13-May-21,6,44,Female,4,2,No,No,No,Yes,No,No,No,NA,4,5,2,0,No
H0800135,P0800246,S01266,13-May-21,8,63,Female,2,1,No,No,Yes,Yes,No,No,No,NA,9,2,1,1,No
H0700141,P0700270,S01118,13-May-21,7,47,Male,8,3,No,No,No,Yes,No,No,Yes,Yes,1,5,0,0,No
H0800109,P0800065,S01126,13-May-21,8,75,Male,2,2,No,No,No,No,Yes,No,Yes,No,3,6,1,0,No
H0700023,P0700138,S01639,14-May-21,7,36,Female,3,2,No,No,No,Yes,No,No,No,NA,4,5,1,0,No
H0700030,P0700109,S01647,14-May-21,7,23,Male,10,4,No,Yes,No,No,No,No,Yes,Yes,2,7,1,0,No
H0700029,P0700150,S01548,14-May-21,7,75,Female,4,2,No,No,No,Yes,No,No,No,NA,9,6,1,0,No
H0800057,P0800220,S01464,14-May-21,8,76,Male,4,2,No,No,No,Yes,No,No,Yes,Yes,9,3,0,0,No
H0800060,P0800229,S01472,14-May-21,8,33,Female,3,2,No,No,No,Yes,No,No,No,NA,9,8,0,0,No
H0800079,P0800123,S01480,14-May-21,8,38,Male,5,3,No,No,No,Yes,No,No,Yes,Yes,9,9,0,0,Yes
H0800059,P0800027,S01035,14-May-21,8,62,Female,5,3,No,No,No,Yes,No,No,Yes,Yes,9,8,0,0,No
H0800061,P0800143,S01043,14-May-21,8,20,Male,5,3,No,No,No,Yes,No,No,Yes,Yes,9,8,0,0,Yes
H0800011,P0800267,S00094,16-May-21,8,21,Male,7,5,No,No,No,Yes,No,No,Yes,Yes,9,9,1,0,No
H1000024,P1000193,S01555,18-May-21,10,27,Female,3,2,No,No,Yes,Yes,No,No,No,NA,9,6,0,0,No
H0400151,P0400109,S01274,16-May-21,4,34,Female,3,1,No,No,No,Yes,No,No,Yes,Yes,2,4,0,0,No
H0800091,P0800019,S01282,17-May-21,8,59,Female,5,3,No,No,Yes,Yes,No,No,No,NA,9,6,2,0,No
H0900130,P0900169,S01290,18-May-21,9,40,Female,4,2,No,No,Yes,Yes,No,No,No,NA,9,5,0,0,Yes
H0900151,P0900079,S01308,18-May-21,9,78,Male,4,2,No,No,Yes,Yes,No,No,No,NA,9,4,0,0,No
H1000096,P1000237,S01316,18-May-21,10,51,Female,4,2,No,No,Yes,Yes,No,No,No,NA,9,7,0,0,No
H0600130,P0600230,S01076,16-May-21,6,50,Male,3,2,No,No,No,Yes,No,No,Yes,Yes,9,4,0,0,Yes
H0800130,P0800236,S01084,17-May-21,8,40,Male,3,2,No,No,No,Yes,No,No,Yes,Yes,9,4,0,0,Yes
H0900111,P0900137,S01134,18-May-21,9,42,Female,3,2,No,No,No,Yes,No,No,Yes,No,3,4,0,0,No
H0900129,P0900199,S01142,18-May-21,9,68,Female,4,2,No,No,Yes,No,No,No,No,NA,9,3,0,0,No
H1000095,P1000236,S01159,18-May-21,10,28,Female,4,2,No,No,No,No,Yes,No,No,NA,9,4,0,0,No
H1000093,P1000233,S01092,18-May-21,10,53,Female,8,5,No,No,No,Yes,No,No,Yes,Yes,9,6,0,0,No
H0900043,P0900196,S01654,17-May-21,9,63,Male,11,3,No,No,No,Yes,No,No,Yes,Yes,9,4,3,0,No
H1000004,P1000132,S01563,18-May-21,10,56,Female,5,3,No,No,Yes,Yes,No,No,Yes,Yes,99,5,0,0,No
H0900064,P0900232,S01050,16-May-21,9,37,Female,8,6,No,No,No,Yes,No,No,Yes,Yes,9,10,0,0,Yes
H0900067,P0900241,S01761,16-May-21,9,25,Female,4,3,No,Yes,No,Yes,No,No,Yes,Yes,9,9,0,0,No
H0900076,P0900150,S01779,16-May-21,9,71,Male,4,3,No,No,No,Yes,No,No,No,NA,9,10,0,0,No
H1000060,P1000022,S01787,16-May-21,10,49,Female,2,1,No,No,Yes,Yes,No,No,No,NA,9,5,0,0,No
H1000078,P1000115,S01795,17-May-21,10,38,Female,4,2,No,No,No,Yes,No,No,No,NA,5,4,0,0,No
H1000081,P1000121,S01803,17-May-21,10,24,Female,4,2,No,No,No,Yes,No,No,Yes,Yes,3,3,0,0,No
H1000068,P1000224,S01811,18-May-21,10,51,Male,5,3,No,Yes,Yes,No,No,No,No,NA,9,1,0,0,No
H1100038,P1100052,S01829,18-May-21,11,35,Female,4,3,No,No,No,Yes,No,No,Yes,No,4,8,2,0,No
H1100045,P1100153,S01837,18-May-21,11,55,Female,4,1,No,No,No,Yes,No,No,No,NA,9,2,0,0,No
H1100050,P1100114,S01845,18-May-21,11,55,Female,4,3,No,No,No,Yes,No,No,No,NA,5,6,0,0,No
H0900071,P0900249,S01498,16-May-21,9,78,Male,4,3,No,No,No,Yes,No,No,Yes,Yes,9,4,0,0,No
H0900095,P0900111,S01506,16-May-21,9,48,Female,3,2,No,No,No,Yes,No,No,No,NA,9,6,0,0,No
H1000045,P1000039,S01662,16-May-21,10,40,Female,6,3,No,No,No,Yes,No,No,No,NA,9,3,0,0,No
H1000092,P1000232,S01688,17-May-21,10,43,Male,3,2,No,No,No,Yes,No,No,Yes,Yes,9,4,0,0,Yes
H1000063,P1000028,S01696,17-May-21,10,57,Female,3,2,No,No,No,Yes,No,No,Yes,No,9,4,0,0,No
H1100065,P1100255,S01910,18-May-21,11,75,Male,4,2,No,No,No,Yes,No,No,No,NA,9,3,0,0,No
H1100069,P1100264,S01928,18-May-21,11,47,Male,3,2,No,No,No,Yes,No,No,Yes,Yes,9,4,0,0,No
H1100037,P1100047,S01936,18-May-21,11,54,Male,6,3,No,Yes,No,Yes,No,No,Yes,Yes,9,4,0,0,Yes
H0700117,P0700215,S01100,19-May-21,7,71,Male,6,3,No,No,No,Yes,No,No,Yes,Yes,9,3,0,0,No
H1000102,P1000092,S02413,19-May-21,10,46,Female,5,3,No,No,No,Yes,No,No,Yes,Yes,6,7,1,1,No
H1000106,P1000064,S01324,19-May-21,10,62,Female,6,3,No,No,Yes,Yes,No,No,No,NA,9,8,0,0,No
H0900045,P0900204,S01571,19-May-21,9,62,Female,4,2,No,No,Yes,Yes,No,No,No,NA,9,7,0,0,Yes
H1100023,P1100090,S02116,20-May-21,11,37,Female,8,3,No,No,No,Yes,No,No,Yes,Yes,3,6,0,0,No
H0700007,P0700015,S02124,20-May-21,7,22,Female,4,2,No,No,No,Yes,No,No,No,NA,3,7,0,0,No
H1100028,P1100132,S01597,20-May-21,11,71,Female,4,3,No,No,Yes,Yes,No,No,No,NA,9,3,0,0,No
H1100008,P1100234,S01589,20-May-21,11,55,Female,2,2,No,No,Yes,Yes,No,No,No,NA,9,5,0,0,No
H1000030,P1000207,S02132,22-May-21,10,53,Female,4,2,No,No,Yes,Yes,No,No,Yes,Yes,9,6,0,0,Yes
H1100036,P1100045,S02140,22-May-21,11,39,Female,2,1,No,No,Yes,Yes,No,No,Yes,Yes,9,3,0,0,No
H1100002,P1100014,S01605,22-May-21,11,53,Female,5,3,No,No,No,Yes,No,No,Yes,Yes,1,5,0,0,No
H0600141,P0600223,S01332,22-May-21,6,68,Female,4,3,No,No,Yes,Yes,No,No,No,NA,9,6,0,0,No
H0700144,P0700255,S02421,22-May-21,7,28,Female,4,2,No,No,No,Yes,No,No,No,NA,9,6,0,0,No
H0900021,P0900219,S01969,24-May-21,9,23,Male,4,2,No,No,No,Yes,No,No,Yes,Yes,3,6,0,0,No
H0900017,P0900190,S02017,24-May-21,9,64,Female,5,3,No,No,No,Yes,No,No,Yes,Yes,9,2,0,0,No
H1000100,P1000088,S02439,24-May-21,10,75,Male,5,2,No,No,Yes,Yes,No,No,No,NA,9,5,0,0,No
H1200001,P1200001,S02025,25-May-21,12,45,Male,4,2,No,No,Yes,Yes,Yes,No,No,NA,9,4,1,0,No
H1200030,P1200040,S02033,25-May-21,12,56,Female,5,4,No,No,No,Yes,No,No,Yes,Yes,9,6,2,0,No
H1200003,P1200176,S02157,25-May-21,12,61,Male,7,4,No,No,No,Yes,No,No,Yes,Yes,9,6,2,0,No
H1100107,P1100099,S02447,25-May-21,11,70,Female,5,3,No,No,Yes,Yes,No,No,No,NA,9,5,0,0,No
H1100146,P1100275,S01340,25-May-21,11,22,Female,2,1,No,No,No,Yes,No,No,Yes,No,3,4,0,0,Yes
H1200065,P1200173,S01712,26-May-21,12,54,Female,3,2,No,No,Yes,Yes,No,No,No,NA,9,4,0,0,No
H1200115,P1200232,S01860,26-May-21,12,56,Female,2,2,No,No,No,Yes,No,No,No,NA,6,7,0,0,Yes
H1200109,P1200115,S01878,26-May-21,12,45,Female,3,2,No,No,No,Yes,No,No,No,NA,9,6,0,0,Yes
H1200032,P1200213,S01886,26-May-21,12,79,Male,1,1,No,No,No,Yes,No,No,Yes,Yes,6,1,0,0,No
H1200133,P1200135,S01357,26-May-21,12,69,Female,3,2,No,No,No,Yes,No,No,No,NA,9,10,0,0,No
H1100151,P1100228,S02561,26-May-21,11,61,Female,4,2,No,No,No,Yes,No,No,Yes,Yes,5,3,0,0,No
H1200151,P1200086,S02579,26-May-21,12,50,Female,2,1,No,No,Yes,Yes,No,No,No,NA,9,10,0,0,No
H1200138,P1200146,S02454,26-May-21,12,41,Female,4,2,No,No,No,Yes,No,No,Yes,No,2,3,1,0,No
H1200119,P1200237,S02462,26-May-21,12,28,Female,2,1,No,No,No,Yes,No,No,No,NA,9,6,0,0,No
H1200117,P1200230,S02470,26-May-21,12,60,Female,3,1,No,No,Yes,Yes,No,No,No,NA,9,6,0,0,No
H1200148,P1200089,S02488,26-May-21,12,28,Female,4,2,No,No,No,Yes,No,No,No,NA,4,4,1,0,No
H1400002,P1400005,S02215,26-May-21,14,62,Male,6,3,No,No,No,Yes,No,No,Yes,Yes,9,4,0,0,Dont know
H1400019,P1400126,S02223,26-May-21,14,71,Male,6,4,No,No,No,Yes,No,No,Yes,Yes,9,5,0,0,No
H1400003,P1400007,S02041,26-May-21,14,53,Male,2,2,No,No,Yes,Yes,No,No,Yes,No,4,4,0,0,No
H1300038,P1300096,S01720,27-May-21,13,47,Female,3,2,No,No,Yes,No,No,No,Yes,No,7,9,0,0,No
H1300039,P1300100,S01738,27-May-21,13,42,Female,3,2,No,No,Yes,Yes,No,No,Yes,Yes,9,5,0,0,No
H1300040,P1300101,S01746,27-May-21,13,34,Female,3,1,No,No,No,Yes,No,No,Yes,Yes,9,3,0,0,No
H1300117,P1300218,S02587,27-May-21,13,51,Female,4,2,No,No,No,Yes,No,No,Yes,Yes,3,4,0,0,No
H1300116,P1300216,S02595,27-May-21,13,50,Female,3,2,No,No,No,Yes,No,No,No,NA,9,8,0,0,No
H1300107,P1300283,S02603,27-May-21,13,63,Male,7,3,No,No,No,Yes,No,No,Yes,Yes,9,10,2,0,No
H1300130,P1300205,S02611,27-May-21,13,28,Male,4,3,No,No,No,Yes,No,No,Yes,Yes,9,6,0,0,No
H1300127,P1300200,S02496,27-May-21,13,55,Female,5,3,No,No,No,Yes,No,No,No,NA,9,5,0,0,No
H1200027,P1200033,S02231,27-May-21,12,62,Female,7,4,No,No,Yes,Yes,No,No,No,NA,9,8,1,0,No
H1300003,P1300022,S02058,28-May-21,13,25,Female,4,2,No,No,Yes,Yes,No,No,No,NA,6,5,0,0,No
H1300001,P1300007,S02066,28-May-21,13,28,Female,6,3,No,No,No,Yes,No,No,No,NA,9,4,0,0,No
H1300023,P1300172,S02074,28-May-21,13,29,Female,4,2,No,No,Yes,Yes,No,No,Yes,Yes,9,4,0,0,Yes
H1300042,P1300104,S01753,28-May-21,13,64,Male,3,2,No,No,No,Yes,No,No,Yes,Yes,9,2,0,0,No
H1300086,P1300126,S01894,28-May-21,13,39,Female,3,2,No,No,No,Yes,No,No,Yes,Yes,9,4,0,0,Yes
H1300132,P1300208,S02504,30-May-21,13,49,Female,4,2,No,No,No,Yes,No,No,No,NA,4,7,0,0,No
H1300144,P1300234,S02512,30-May-21,13,51,Male,3,2,No,No,No,Yes,No,No,No,NA,3,5,0,0,No
H1100132,P1100177,S02520,31-May-21,11,39,Female,8,3,No,No,No,Yes,No,No,Yes,Yes,8,5,0,0,No
H1400065,P1400234,S01902,01-Jun-21,14,80,Female,2,1,No,No,No,Yes,No,No,No,NA,9,1,0,0,No
H1400067,P1400237,S01704,01-Jun-21,14,25,Male,1,1,No,No,Yes,Yes,No,No,No,NA,9,3,1,0,Yes
H1400097,P1400197,S02629,01-Jun-21,14,40,Female,5,3,No,No,No,Yes,No,No,Yes,Yes,9,6,0,0,Dont know
H1400113,P1400140,S02637,01-Jun-21,14,51,Female,3,1,No,No,No,Yes,No,No,Yes,Yes,9,10,2,0,No
H1300096,P1300141,S02538,01-Jun-21,13,63,Male,4,2,No,No,No,Yes,No,No,No,NA,9,3,0,0,No
H1400095,P1400192,S02546,01-Jun-21,14,37,Female,4,2,No,No,No,Yes,No,No,No,NA,9,4,0,0,No
H1400023,P1400066,S02249,02-Jun-21,14,27,Female,2,2,No,No,Yes,Yes,No,No,Yes,Yes,4,4,0,0,No
H1400129,P1400112,S02553,02-Jun-21,14,66,Male,5,3,No,No,No,No,Yes,No,Yes,Yes,9,6,0,0,No
H1400016,P1400030,S02082,02-Jun-21,14,74,Female,7,4,No,Yes,No,Yes,No,No,No,NA,9,5,0,0,No
H1400135,P1400123,S02645,04-Jun-21,14,20,Female,4,2,No,No,No,Yes,No,No,Yes,Yes,3,6,0,0,No
H1400029,P1400054,S02256,04-Jun-21,14,18,Female,4,2,No,Yes,No,Yes,No,No,Yes,Yes,3,8,0,0,No
H1300006,P1300028,S02090,04-Jun-21,13,56,Male,4,2,No,No,Yes,Yes,No,No,Yes,Yes,9,5,0,0,No
H1400073,P1400214,S01852,04-Jun-21,14,42,Female,3,2,No,No,No,Yes,No,No,No,NA,5,6,0,0,No
H1400106,P1400127,S02660,04-Jun-21,14,62,Male,5,2,No,No,No,Yes,No,No,No,NA,9,4,0,0,No
H0400045,P0400072,S01977,05-Jun-21,4,52,Female,6,4,No,Yes,No,Yes,No,No,Yes,Yes,4,9,0,0,No
H0400048,P0400080,S02108,05-Jun-21,4,51,Female,5,3,No,No,No,Yes,No,No,No,NA,9,8,0,0,No
H1200118,P1200252,S02652,07-Jun-21,12,39,Male,4,2,No,No,No,Yes,No,No,Yes,Yes,9,3,0,0,No
H0300039,P0300071,S01985,09-Jun-21,3,38,Female,5,3,No,Yes,No,Yes,No,No,Yes,Yes,3,7,0,0,No
H0800149,P0800212,S02769,10-Jun-21,8,58,Male,4,2,No,No,Yes,Yes,No,No,No,NA,9,5,0,0,No
H0100066,P0100088,S02678,09-Jun-21,1,46,Female,3,2,No,No,No,Yes,No,No,No,NA,9,5,0,0,No
H1100070,P1100268,S01670,10-Jun-21,11,65,Female,5,1,No,No,Yes,Yes,No,No,Yes,Yes,9,2,0,0,No
H0100131,P0100114,S02165,11-Jun-21,1,51,Female,3,3,No,No,No,Yes,No,No,No,NA,9,9,0,0,No
H1000134,P1000183,S02777,11-Jun-21,10,22,Male,3,2,No,No,No,Yes,No,No,No,NA,9,1,0,0,Yes
H0900101,P0900278,S02785,13-Jun-21,9,19,Female,4,2,No,No,No,Yes,No,No,Yes,Yes,2,7,0,0,No
H1100109,P1100143,S02686,13-Jun-21,11,51,Male,8,3,No,Yes,No,Yes,No,No,Yes,Yes,9,7,2,0,No
H0100152,P0100243,S01993,14-Jun-21,1,31,Male,6,4,No,No,No,Yes,No,No,No,NA,5,10,0,0,Yes
H0700078,P0700178,S02694,14-Jun-21,7,51,Male,4,3,No,No,No,Yes,No,No,No,NA,9,4,1,0,No
H0100108,P0100129,S02009,15-Jun-21,1,80,Female,6,4,No,No,No,Yes,No,No,Yes,Yes,9,17,0,0,Yes
H0100132,P0100118,S02173,15-Jun-21,1,21,Female,4,2,No,No,Yes,Yes,No,No,No,NA,3,10,0,0,Yes
H0300008,P0300029,S02819,16-Jun-21,3,49,Male,5,3,No,No,No,Yes,No,No,Yes,Yes,3,8,0,0,No
H0100112,P0100140,S02181,16-Jun-21,1,47,Male,5,3,No,Yes,Yes,Yes,No,No,No,NA,3,12,0,0,No
H0100148,P0100234,S02199,16-Jun-21,1,52,Female,6,4,No,No,No,Yes,No,No,Yes,Yes,9,11,0,0,No
H0700085,P0700105,S02793,16-Jun-21,7,39,Female,3,2,No,No,No,Yes,No,No,Yes,Yes,9,3,0,0,No
H0200002,P0200070,S02702,18-Jun-21,2,38,Female,3,2,No,No,No,Yes,No,No,Yes,Yes,9,8,0,0,No
H1300045,P1300076,S02363,21-Jun-21,13,26,Female,3,1,No,No,No,Yes,No,No,Yes,Yes,9,4,1,0,No
H0800050,P0800205,S02207,22-Jun-21,8,59,Female,6,3,No,No,No,Yes,No,No,Yes,Yes,3,15,2,1,Dont know
H1300086,P1300126,S02314,23-Jun-21,13,39,Female,2,2,No,No,No,Yes,No,No,No,NA,6,3,0,0,Yes
H0300041,P0300077,S02322,23-Jun-21,3,19,Male,5,4,No,No,No,Yes,No,No,No,NA,6,4,0,0,No
H0800004,P0800051,S02868,23-Jun-21,8,40,Female,6,4,No,No,Yes,Yes,No,No,Yes,Yes,4,12,0,0,Yes
H0800002,P0800045,S02876,23-Jun-21,8,36,Female,4,2,No,No,No,Yes,No,No,Yes,Yes,6,13,0,0,No
H0800022,P0800262,S02827,23-Jun-21,8,71,Female,6,4,No,No,No,Yes,No,No,No,NA,9,11,0,0,Yes
H0800001,P0800043,S02835,23-Jun-21,8,33,Female,8,4,No,No,No,Yes,No,No,Yes,Yes,9,8,0,0,No
H0800058,P0800032,S02330,29-Jun-21,8,24,Male,3,3,No,No,No,Yes,No,No,No,NA,6,8,0,0,No
H0800066,P0800088,S02348,29-Jun-21,8,36,Female,4,2,No,No,No,Yes,No,No,No,NA,9,4,0,0,No
H1100053,P1100108,S02801,29-Jun-21,11,43,Male,5,3,No,No,No,Yes,No,No,Yes,Yes,5,7,0,0,No
H0500084,P0500228,S02843,29-Jun-21,5,37,Female,6,4,No,No,No,Yes,No,No,Yes,Yes,4,10,0,0,No
H0500116,P0500204,S02850,29-Jun-21,5,35,Female,7,5,No,Yes,No,Yes,No,No,Yes,Yes,9,8,0,0,No
H0400134,P0400157,S02884,29-Jun-21,4,34,Female,4,2,No,No,No,Yes,No,No,Yes,Yes,3,10,0,0,No
H0400070,P0400195,S02892,29-Jun-21,4,35,Female,3,2,No,No,Yes,Yes,No,No,Yes,Yes,4,7,0,0,No
H0100025,P0100007,S02918,29-Jun-21,1,47,Female,5,3,No,No,No,Yes,No,No,Yes,Yes,5,7,1,0,No
H1100011,P1100025,S03130,30-Jun-21,11,24,Female,3,1,No,No,No,Yes,No,No,Yes,Yes,9,5,1,0,No
H0300019,P0300200,S02900,30-Jun-21,3,32,Male,3,2,No,No,No,Yes,No,No,Yes,Yes,3,9,0,0,Yes
H0500151,P0500194,S02967,30-Jun-21,5,24,Male,5,3,No,Yes,No,Yes,No,No,No,NA,4,7,0,0,No
H0500010,P0500019,S02975,30-Jun-21,5,42,Female,7,5,No,Yes,No,Yes,No,No,Yes,Yes,9,9,0,0,Yes
H0100088,P0100198,S02934,30-Jun-21,1,37,Female,2,1,No,No,No,Yes,No,No,Yes,Yes,1,4,0,0,No
H0600013,P0600011,S02983,01-Jul-21,6,19,Female,3,1,No,No,No,Yes,No,No,No,NA,9,8,0,0,No
H0600137,P0600186,S02991,01-Jul-21,6,34,Female,5,2,No,Yes,No,Yes,No,No,Yes,Yes,6,6,0,0,No
H0600142,P0600225,S03007,01-Jul-21,6,35,Female,3,2,No,No,No,Yes,No,No,No,NA,8,8,0,0,No
H0300068,P0300154,S03379,02-Jul-21,3,37,Female,4,3,No,No,Yes,Yes,No,No,Yes,Yes,9,9,0,0,No
H1100087,P1100080,S03148,02-Jul-21,11,34,Female,5,3,No,No,No,Yes,No,No,Yes,Yes,4,11,0,0,Yes
H0600072,P0600071,S03494,05-Jul-21,6,38,Female,5,3,No,Yes,No,Yes,No,No,Yes,Yes,9,8,0,0,No
H1100066,P1100257,S03155,05-Jul-21,11,33,Female,5,2,No,No,No,Yes,No,No,No,NA,9,8,0,0,No
H0100091,P0100212,S02942,05-Jul-21,1,23,Male,2,1,No,No,No,Yes,No,No,Yes,No,4,3,0,0,No
H0200099,P0200129,S02959,05-Jul-21,2,33,Female,2,1,No,No,No,Yes,No,No,No,NA,4,8,0,0,No
H1000084,P1000220,S03262,05-Jul-21,10,22,Male,1,1,No,No,No,Yes,No,No,Yes,Yes,9,4,0,0,No
H0400072,P0400203,S03387,07-Jul-21,4,26,Female,4,2,No,No,No,Yes,No,No,No,NA,2,6,3,0,No
H0200139,P0200195,S03619,07-Jul-21,2,25,Female,4,3,No,No,Yes,Yes,No,No,No,NA,9,6,0,0,No
H0500110,P0500073,S03502,07-Jul-21,5,40,Female,4,2,No,Yes,No,Yes,No,No,No,NA,6,8,0,0,Yes
H1200132,P1200134,S03163,08-Jul-21,12,18,Female,3,1,No,No,No,Yes,No,No,No,NA,9,6,0,0,No
H0800093,P0800132,S02355,08-Jul-21,8,19,Female,3,3,No,No,No,Yes,No,No,No,NA,6,9,0,0,No
H0800111,P0800064,S03015,08-Jul-21,8,47,Male,4,3,No,No,No,Yes,No,No,No,NA,9,7,0,0,No
H0400046,P0400075,S03395,09-Jul-21,4,41,Female,5,3,No,No,No,Yes,No,No,No,NA,9,6,0,0,No
H1200107,P1200109,S03171,09-Jul-21,12,24,Female,3,1,No,No,No,Yes,No,No,Yes,Yes,5,4,0,0,No
H0400050,P0400082,S03403,12-Jul-21,4,21,Female,2,1,No,No,No,Yes,No,No,No,NA,3,5,0,0,No
H1200011,P1200020,S03189,12-Jul-21,12,26,Male,5,3,No,No,No,Yes,No,No,Yes,Yes,9,14,0,0,No
H1200007,P1200014,S03197,12-Jul-21,12,27,Female,3,1,No,No,No,Yes,No,No,No,NA,4,5,0,0,No
H1200005,P1200067,S03205,12-Jul-21,12,31,Female,3,2,No,No,Yes,Yes,No,No,No,NA,9,9,0,0,No
H0200109,P0200156,S03627,12-Jul-21,2,37,Female,4,2,No,No,No,Yes,No,No,No,NA,9,4,1,0,No
H0100029,P0100037,S03635,12-Jul-21,1,20,Female,2,1,No,No,No,Yes,No,No,No,NA,4,4,0,0,No
H0200007,P0200079,S03643,12-Jul-21,2,23,Female,4,3,No,No,No,Yes,No,No,No,NA,6,8,0,0,No
H0600117,P0600162,S03510,12-Jul-21,6,42,Female,7,4,No,Yes,No,Yes,No,No,Yes,Yes,6,11,0,0,Yes
H0600033,P0600054,S03528,12-Jul-21,6,38,Female,5,3,No,Yes,Yes,Yes,No,No,Yes,Yes,9,8,0,0,No
H0400029,P0400035,S03411,13-Jul-21,4,33,Female,4,2,No,No,No,Yes,No,No,Yes,Yes,9,6,0,0,No
H0400010,P0400041,S03429,13-Jul-21,4,30,Female,5,4,No,Yes,No,Yes,No,No,Yes,Yes,9,8,0,0,No
H0400109,P0400131,S03437,13-Jul-21,4,29,Female,2,1,No,No,No,Yes,No,No,No,NA,3,5,0,0,No
H1200134,P1200137,S03213,13-Jul-21,12,28,Female,2,1,No,No,No,Yes,No,No,No,NA,9,4,0,0,No
H1200111,P1200118,S03221,13-Jul-21,12,19,Female,5,3,No,Yes,No,Yes,No,No,Yes,Yes,9,8,3,0,No
H1200043,P1200043,S03239,13-Jul-21,12,19,Female,2,1,No,No,No,Yes,No,No,No,NA,2,3,0,0,No
H1200013,P1200068,S03247,13-Jul-21,12,27,Female,8,4,No,No,No,Yes,No,No,Yes,Yes,9,5,0,0,No
H1200012,P1200066,S03882,13-Jul-21,12,22,Female,8,4,No,No,No,Yes,No,No,Yes,Yes,9,9,0,0,No
H1200002,P1200006,S03890,13-Jul-21,12,42,Male,5,3,No,No,No,Yes,No,No,No,NA,9,8,1,0,Yes
H0900052,P0900215,S03270,13-Jul-21,9,29,Female,4,3,No,No,No,Yes,No,No,No,NA,9,8,0,0,No
H0900131,P0900176,S03288,13-Jul-21,9,25,Female,3,2,No,No,No,Yes,No,No,No,NA,9,6,0,0,Yes
H0900135,P0900183,S03296,13-Jul-21,9,19,Female,3,2,No,No,No,Yes,No,No,Yes,Yes,9,4,0,0,Yes
H0900047,P0900210,S03304,13-Jul-21,9,22,Female,2,1,No,No,Yes,Yes,No,No,Yes,Yes,8,3,0,0,No
H0700053,P0700159,S03023,13-Jul-21,7,44,Female,4,3,No,No,No,Yes,No,No,No,NA,9,10,0,0,No
H0700054,P0700161,S03031,13-Jul-21,7,36,Female,3,2,No,No,No,Yes,No,No,No,NA,5,8,0,0,No
H0700067,P0700089,S03049,13-Jul-21,7,30,Female,3,2,No,No,No,Yes,No,No,No,NA,3,4,0,0,No
H0700138,P0700190,S03056,13-Jul-21,7,33,Female,4,2,No,No,No,Yes,No,No,Yes,Yes,4,7,0,0,No
H0600114,P0600153,S03536,13-Jul-21,6,48,Male,7,5,No,No,No,Yes,No,No,Yes,Yes,9,12,0,0,Dont know
H0600074,P0600193,S03544,13-Jul-21,6,35,Female,5,3,No,No,Yes,Yes,No,No,No,NA,7,8,1,0,No
H0600077,P0600196,S03551,13-Jul-21,6,34,Female,6,3,No,Yes,No,Yes,Yes,No,Yes,Yes,9,7,0,0,No
H0200116,P0200168,S03650,13-Jul-21,2,34,Female,3,2,No,No,No,Yes,No,No,Yes,No,9,8,0,0,No
H0200074,P0200271,S03668,13-Jul-21,2,40,Female,3,2,No,No,No,Yes,No,No,Yes,Yes,9,8,0,0,No
H0200129,P0200109,S03684,13-Jul-21,2,24,Female,2,1,No,No,No,Yes,No,No,Yes,No,4,4,0,0,No
H0100030,P0100038,S03692,13-Jul-21,1,30,Female,3,2,No,No,No,Yes,No,No,No,NA,1,5,0,0,No
H0900148,P0900074,S03254,14-Jul-21,9,28,Female,4,2,No,No,No,Yes,No,No,Yes,Yes,7,7,0,0,No
H0900128,P0900198,S02389,14-Jul-21,9,26,Female,4,2,No,No,No,Yes,No,No,Yes,Yes,8,7,0,0,No
H0700073,P0700101,S03064,14-Jul-21,7,41,Female,4,3,No,No,No,Yes,No,No,No,NA,9,6,0,0,No
H0700139,P0700192,S03072,14-Jul-21,7,24,Female,3,2,No,No,No,Yes,No,No,No,NA,9,6,0,0,No
H0700143,P0700199,S03080,14-Jul-21,7,25,Male,2,1,No,No,No,Yes,No,No,No,NA,3,4,0,0,No
H0700127,P0700179,S03098,14-Jul-21,7,30,Female,3,3,No,No,No,Yes,No,No,No,NA,5,5,0,0,No
H0700031,P0700152,S03106,14-Jul-21,7,22,Female,2,1,No,No,No,Yes,No,No,No,NA,5,3,0,0,No
H0400137,P0400166,S03445,14-Jul-21,4,32,Female,4,2,No,No,No,Yes,No,No,No,NA,4,7,0,0,No
H0200110,P0200157,S04823,14-Jul-21,2,32,Female,1,1,No,No,No,Yes,No,No,No,NA,6,4,0,0,No
H0200009,P0200083,S04831,14-Jul-21,2,32,Female,3,2,No,No,No,Yes,No,No,No,NA,5,5,0,0,No
H0400047,P0400077,S03452,15-Jul-21,4,23,Female,3,1,No,No,No,Yes,No,No,No,NA,7,3,0,0,No
H1200054,P1200242,S03908,15-Jul-21,12,20,Female,5,3,No,No,No,Yes,No,No,No,NA,9,8,0,0,Yes
H1200088,P1200100,S03916,16-Jul-21,12,37,Female,4,2,No,No,No,Yes,No,No,Yes,Yes,9,9,0,0,No
H1200106,P1200107,S03924,16-Jul-21,12,41,Male,3,2,No,No,No,Yes,No,No,Yes,Yes,1,6,0,0,No
H0500092,P0500269,S03577,16-Jul-21,5,34,Female,4,2,No,Yes,No,Yes,No,No,Yes,Yes,9,7,0,0,No
H0500089,P0500263,S03569,16-Jul-21,5,44,Female,5,3,No,Yes,No,Yes,No,No,Yes,Yes,9,8,0,0,No
H0800026,P0800179,S03114,19-Jul-21,8,26,Female,3,1,No,No,No,Yes,No,No,No,NA,9,4,0,0,No
H0800024,P0800176,S04351,19-Jul-21,8,40,Female,3,1,No,No,No,Yes,No,No,No,NA,9,5,0,0,No
H0800028,P0800182,S04369,19-Jul-21,8,19,Female,6,2,No,No,No,Yes,No,No,Yes,Yes,9,7,0,0,No
H0800009,P0800058,S04377,19-Jul-21,8,19,Female,2,1,No,No,No,Yes,No,No,Yes,Yes,9,3,0,0,No
H0300116,P0300217,S03460,19-Jul-21,3,19,Male,3,2,No,No,No,Yes,No,No,Yes,Yes,3,5,0,0,No
H0400086,P0400172,S03478,19-Jul-21,4,24,Female,3,1,No,No,No,Yes,No,No,Yes,No,2,6,0,0,Yes
H1300147,P1300241,S03932,19-Jul-21,13,44,Female,3,2,No,No,No,Yes,No,No,Yes,Yes,4,9,0,0,Yes
H1300103,P1300149,S03940,19-Jul-21,13,33,Female,2,1,No,No,Yes,Yes,No,No,No,NA,9,7,0,0,Yes
H1300118,P1300220,S03957,19-Jul-21,13,25,Female,4,2,No,No,No,Yes,No,No,Yes,Yes,6,3,0,0,No
H1300143,P1300233,S03965,19-Jul-21,13,41,Female,3,1,No,No,No,Yes,No,No,Yes,Yes,9,3,1,0,No
H1300137,P1300267,S03973,19-Jul-21,13,33,Female,6,3,No,No,No,Yes,No,No,Yes,Yes,6,9,0,0,No
H0200101,P0200134,S04849,19-Jul-21,2,19,Female,3,2,No,No,No,Yes,No,No,Yes,No,9,7,1,0,Yes
H0100007,P0100011,S04856,19-Jul-21,1,36,Female,3,2,No,No,No,Yes,No,No,Yes,No,5,4,0,0,No
H0100026,P0100032,S04864,19-Jul-21,1,36,Female,5,3,No,No,No,Yes,No,No,Yes,Yes,3,7,0,0,No
H1200051,P1200058,S03981,20-Jul-21,12,28,Female,4,2,No,No,No,Yes,No,No,No,NA,6,8,0,0,No
H1300037,P1300092,S03999,20-Jul-21,13,33,Female,2,1,No,No,No,Yes,No,No,Yes,No,9,6,0,0,No
H1300104,P1300150,S04005,20-Jul-21,13,28,Female,4,2,No,No,No,Yes,No,No,No,NA,9,5,0,0,No
H1300032,P1300084,S04013,20-Jul-21,13,29,Male,3,1,No,No,No,Yes,No,No,Yes,Yes,7,3,0,0,No
H0800046,P0800195,S04385,20-Jul-21,8,36,Male,2,1,No,No,No,Yes,No,No,No,NA,3,6,0,0,No
H0800067,P0800089,S04393,20-Jul-21,8,38,Female,5,3,No,No,No,Yes,No,No,No,NA,9,6,0,0,No
H0800052,P0800142,S04401,20-Jul-21,8,28,Female,4,2,No,No,No,Yes,No,No,No,NA,3,6,0,0,No
H0300138,P0300221,S03486,20-Jul-21,3,30,Male,4,3,No,No,No,Yes,No,No,Yes,Yes,3,12,0,0,No
H0400132,P0400154,S04575,20-Jul-21,4,24,Female,3,2,No,No,No,Yes,No,No,No,NA,2,10,0,0,No
H0100011,P0100019,S04872,20-Jul-21,1,20,Female,4,2,No,No,No,Yes,No,No,No,NA,4,5,0,0,No
H0100078,P0100253,S04880,20-Jul-21,1,20,Female,5,3,No,No,No,Yes,No,No,Yes,No,9,10,1,0,No
H0500113,P0500200,S03585,20-Jul-21,5,25,Female,5,3,No,Yes,No,Yes,No,No,Yes,Yes,9,6,0,0,No
H0500122,P0500047,S03593,20-Jul-21,5,25,Female,6,4,No,Yes,No,Yes,No,No,No,NA,4,5,0,0,No
H1000044,P1000290,S03320,20-Jul-21,10,20,Female,3,2,No,No,No,Yes,No,No,Yes,No,4,4,0,0,Dont know
H1000096,P1000238,S03312,20-Jul-21,10,23,Female,4,2,No,No,No,Yes,No,No,Yes,Yes,9,7,0,0,No
H1000104,P1000099,S03338,20-Jul-21,10,31,Female,5,2,No,No,No,Yes,No,No,Yes,Yes,6,5,0,0,No
H1000079,P1000118,S03346,20-Jul-21,10,27,Female,3,2,No,No,Yes,Yes,No,No,Yes,Yes,9,5,0,0,No
H1000034,P1000048,S03353,21-Jul-21,10,37,Female,4,2,No,Yes,No,Yes,No,No,Yes,Yes,9,4,0,0,No
H1000041,P1000261,S03361,21-Jul-21,10,42,Male,3,2,No,No,No,Yes,No,No,Yes,Yes,9,5,0,0,Yes
H0600071,P0600236,S04104,21-Jul-21,6,27,Male,5,3,No,No,No,Yes,No,No,No,NA,4,9,0,0,No
H0600044,P0600109,S03601,21-Jul-21,6,40,Female,6,4,No,No,No,Yes,No,No,Yes,Yes,5,8,0,0,Yes
H1300129,P1300227,S04021,21-Jul-21,13,25,Male,2,1,No,No,No,Yes,No,No,Yes,Yes,6,4,0,0,No
H0400006,P0400012,S04583,23-Jul-21,4,31,Female,3,3,No,No,No,Yes,No,No,Yes,Yes,5,10,0,0,No
H0300098,P0300091,S04591,23-Jul-21,3,28,Female,4,2,No,No,No,Yes,No,No,Yes,Yes,2,9,0,0,No
H0300101,P0300277,S04609,26-Jul-21,3,27,Male,2,2,No,No,No,Yes,No,No,Yes,Yes,3,7,0,0,Yes